"","ugMean","ugMeanCi"
"Q6_a",3.53006004844833,0.0669721591669059
"q15",3.26836800707879,0.108561125096833
"q19_c",3.08044616884784,0.0911247995004081
